{"accuracy": 0.86628, "samples": 500000, "tech": "Scikit-Learn CPU", "trained_at": "2026-04-26 02:14:39", "importance": {"age": 0.15507721450497547, "gender": 0.004573954148940937, "time_spent": 0.15508233387249412, "device_type": 1.5484016607022157, "ad_category": 0.0021279487903896866, "ad_position": 0.46327277672260225, "link_length": 9.181411619588592e-05}, "status": "Active"}